user_id,username,firstname,lastname,email,lastaccess
1,johnsongregory,Melissa,Richardson,webbamy@example.com,1739325600
2,batesmary,Darryl,Yoder,barry56@example.com,1740189600
3,yzavala,Paul,Oliver,odavenport@example.net,1738202400
4,webstergary,Joseph,Williams,kthompson@example.net,1740448800
5,caitlinrussell,Eric,Clayton,gabrielchambers@example.org,1740448800
6,fisherrobert,Diana,Hunt,pattersonmary@example.org,1740362400
7,pwilcox,Dennis,Chan,martinezdavid@example.com,1738980000
8,gabriellajohnson,Marcus,Brooks,bakeramanda@example.com,1740535200
9,eric19,Sally,Mason,vjackson@example.com,1739152800
10,dhuff,Kimberly,Brewer,jacobyoung@example.net,1740708000
11,josephwood,Denise,Santos,elizabethwalter@example.com,1738720800
12,shari57,Mary,Martin,sandra78@example.net,1738893600
13,kerryrogers,Alexis,Small,deborah16@example.org,1739757600
14,melissa80,Jessica,Walker,ryanclay@example.com,1739325600
15,cory22,Diana,Gentry,lutzdaniel@example.com,1738634400
16,charlesreid,Steven,Gonzales,schroedercharles@example.org,1739152800
17,blackkathryn,Jon,Chapman,brian82@example.org,1738461600
18,brocklarry,Renee,Stout,kyle79@example.org,1740535200
19,lucas05,Justin,Medina,blevinsvictoria@example.org,1739325600
20,vpotter,Cathy,Greer,fisherclaire@example.com,1738893600
21,travis62,Mary,Jensen,jeffreynewton@example.net,1739671200
22,ashleywise,Patricia,Flores,wanderson@example.com,1739930400
23,fitzpatrickjeremy,Heidi,Morris,batesvernon@example.org,1738634400
24,darlenepadilla,Denise,Jones,mvaldez@example.net,1739844000
25,flynnbenjamin,Richard,Blanchard,cristinajohnson@example.com,1739671200
26,oashley,Denise,Mitchell,lawsonsheila@example.net,1738634400
27,cohenlinda,Richard,Brown,vincent24@example.net,1739152800
28,gibsonmikayla,Samantha,Brown,joneslisa@example.net,1740189600
29,dho,Allen,Shaw,kingpatrick@example.org,1740794400
30,ntaylor,Michelle,Wright,jordanbrown@example.net,1740189600
31,bsanchez,Jeff,Gould,summerlopez@example.net,1738375200
32,lharvey,Lisa,Kim,isoto@example.org,1739584800
33,jacobwilliams,Cathy,Maldonado,rramirez@example.net,1740189600
34,robert66,Lori,White,billywells@example.com,1739325600
35,hvalencia,Craig,Carney,kimberly06@example.net,1739757600
36,anthonybaker,Cynthia,James,lbarrett@example.org,1739584800
37,wellsamanda,Troy,Porter,thomasmurphy@example.com,1738634400
38,bondkatie,Kimberly,Cook,ashley25@example.net,1738548000
39,natalieholt,Mary,Flynn,tscott@example.org,1738720800
40,osimpson,Michael,Long,hahnbrent@example.net,1740189600
41,jhernandez,Brent,Berger,melissacaldwell@example.org,1738375200
42,gomezdaniel,Lauren,Cobb,uromero@example.com,1738720800
43,karenewing,Richard,Perez,heatherparker@example.com,1740448800
44,janet94,Robert,Andersen,scooper@example.com,1739066400
45,romeromichelle,Michael,Rodriguez,jlowe@example.com,1739066400
